Sequence,KD
RLSCAASGSIFDAYYMGWYRQAPGKEREFVAAIDIGAGSTTLLR*LRQG*IHHFQRQRQEHRLLANELFEARRHCCLYCAVLETRSYSFRYWGQGTQVTVSS,77
RLSCAASGSISDAYYMGWYRQAPGKEREFVATITIGAGASTYYADSVKGRFTISRDNAKNTVYLQMNSLKPEDTAVYYCAVLETRSYSFRYWGQGTQVTVSS,77
RLSCAASGSIFDAYYMGWYRQAPGKEREFVATISEGTITYYADSVKGRFTISRDNAKNTVYLQMNSLKPEPEDTAVYYCAVLETRSYSFRYWGQGTQVTVSS,77
RLSCAASGYISDAYYMGWYRQAPGKERELVATIAIGSGAITNYADSVKGRFTISRDNAKNTVYLQMNSLKPEDTAVYYCAVLETRSYSFRYWGQGTQVTVSS,77
RLSCAASGSISDAYYMGWYRQAPGKEREFVAGIGLGTNTYYADSVKGRFTISRDNAKNKNTVYLQMNSLKPEDTAVYYCAVLETRSYSFRYWGQGTQVTVSS,77
RLSCAASGTISDAYYMGWYRQAPGKERELVAGITLGTGGITNYADSVKGRFTISRDNAKNTVYLQMNSLKPEDTAVYYCAVLETRSYSFRYWGQGTQVTVSS,77
RLSCAASGNIFDAYYMGWYRQAPGKERELVASIDRGGSTTNYADSVKGRFTISRDNAKNTVYLQMNSLKPEDTAVYYCAVLETRSYSFRYWGQGTQVTVSS,76
RLSCAASGTIFDAYYMGWYRQAPGKEREFVASIAQGGTTTNYADSVKGRFTISRDNAKNTVYLQMNSLKPEDTAVYYCAVLETRSYSFRYWGQGTQVTVSS,76
RLSCAASGYISDAYYMGWYRQAPGKEREFVAGIDTGGSTTNYADSVKGRFTISRDNAKNTVYLQMNSLKPEDTAVYYCAVLETRSYSFRYWGQGTQVTVSS,76
RLSCAASGSISDAYYMGWYRQAPGKERELVASISAGASTTYYADSVKGRFTISRDNAKNTVYLQMNSLKPEDTAVFYCAVLETRSYSFRYWGQGTQVTVSS,76
RLSCAASGNISDAYYMGWYRQAPGKERELVASITDGGATTYYADSVKGRFTISRDNAKNTVYLQMNSLKPEDTAVYYCAVLETRSYSFRYWGQGTQVTVSS,76
RLSCAASGYIFDAYYMGWYRQAPGKERELVASIDDGGTTTYYADSVKGRFTISRDNAKNTVYLQMNSLKPEDTAVYYCAVLETRSYSFRYWGQGTQVTVSS,76
RLSCAASGTIFDAYYMGWYRQAPGKERELACWYL*RWFYY*LR*LRQG*IHHFQRQRQEHRLLANELFEARRHCCLYCAVLETRSYSFRYWGQGTQVTVSS,76
RLSCAASGTIFDAYYMGWYRQAPGKEREFVAAIGGGGSSTYYADSVKGRFTISRDNAKNTVYL*MNSLKPEDTAVYYCAVLETRSYSFRYWGQGTQVTVSS,76
RLSCAASGTISDAYYMGWYRQAPGKEREFVAAINDGGSTTYYADSVKGRFTISRDNAKNTVYLQMNSLKPEDTAVYYCAVLETRSYSFRYWGQGTQVTVSS,76
RLSCAASGNISDAYYMGWYRQAPGKERELVASINSGGTSTYYADSVKGRFTISRDNAKNTVYLQMNSLKPEDTAVYYCAVLETRSYSFRYWGQGTQVTVSS,76
RLSCAASGSIFDAYYMGWYRQAPGKERELVATIGSGGTITYYADSVKGRFTISRDNAKNTVYLQMNSLKPEDTAVYYCAVLETRSYSFRYWGQGTQVTVSS,76
RLSCAASGTISDAYYMGWYRQAPGKEREFVAAINHGGATTYYADSVKGRFTISRDNAKNTVYLQMNSLKPEDTAVYYCAVLETRSYSFRYWGQGTQVTVSS,76
RLSCAASGSISDAYYMGWYRQAPGKEREFVAGINQGGSITYYADSVKGRFTISRDNAKNTVYLQMNSLKPEDTAVYYCAVLETRSYSFRYWGQGTQVTVSS,76
RLSCAASGTISDAYYMGWYRQAPGKEREFVAGIASGGSTTYYADSVKGRFTISRDNAKNTVYLQMNSLKPEDTAVYYCAVLETRSYSFRYWGQGTQVTVSS,76
RLSCAASGNIFDAYYMGWYRQAPGKEREFVATITLGGSTTNYADSVKGRFTISRDNAKNTVYLQMNSLKPEDTAVYYCAVLETRSYSFRYWGQGTQVTVSS,76
RLSCAASGTISDAYYMGWYRQAPGKEREFVASIGPGGTITYYADSVKGRFTISRDNAKNTVYLQMNSLKPEDTAVYYCAVLETRSYSFRYWGQGTQVTVSS,76
RLSCAASGSIFDAYYMGWYRQAPGKEREFVAAISHGGTTTNYADSVKGRFTISRDNAKNTVYLQMNSLKPEDTAVYYCAVLETRSYSFRYWGQGTQVTVSS,76
RLSCAASGTISDAYYMGWYRQAPGKEREFVAAITTGGTTTYYADSVKGRFTISRDNAKNTVYLQMNSLKPEDTAVYYCAVLETRSYSFRYWGQGTQVTVSS,76
RLSCAASGTIFDAYYMGWYRQAPGKEREFVATIGLGGTITNYADSVKGRFTISRDNAKNTVYLQMNSLKPEDTAVYYCAVLETRSYSFRYWGQGTQVTVSS,76
RLSCAASGNISDAYYMGWYRQAPGKERELVASITVGGSTTNYADSVKGRFTISRDNAKNTVYLQMNSLKPEDTAVYYCAVLETRSYSFRYWGQGTQVTVSS,76
RLSCAASGSISDAYYMGWYRQAPGKEREFVAAINAGGTTTYYADSVKGRFTISRDNAKNTVYLQMNSLKPEDTAVYYCAVLETRSYSFRYWGQGTQVTVSS,76
RLSCAASGSISDAYYMGWYRQAPGKEREFVATIATGGTNTYYADSVKGRFTISRDNAKNTVYLQMNSLKPEDTAVYYCAVLETRSYSFRYWGQGTQVTVSS,76
RLSCAASGSISDAYYMGWYRQAPGKERELGATIDSGGTNTYYADSVKGRFTISRDNAKNTVYLQMNSLKPEDTAVYYCAVLETRSYSFRYWGQGTQVTVSS,76
RLSCAASGNISDAYYMGWYRQAPGKERELVAGIDGGGSNTNYADSVKGRFTISRDNAKNTVYLQMNSLKPEDTAVYYCAVLETRSYSFRYWGQGTQVTVSS,76
RLSCAASGYISDAYYMGWYRQAPGKEREFVAAIDYGGSNTNYADSVKGRFTISRDNAKNTVYLQMNSLKPEDTAVYYCAVLETRSYSFRYWGQGTQVTVSS,76
RLSCAASGTISDAYYMGWYRQAPGKEREFVATIGYGGTTD*LR*LRQG*IHHFQRQRQEHRLLANELFEARRHCCLYCAVLETRSYSFRYWGQGTQVTVSS,76
RLSCAASGNIFDAYYMGWYRQAPGKEREFVAGISVGGGSTYYADSVKGRFTISRDNAKNTVYLQMNSLKPEDTAVYYCAVLETRSYSFRYWGQGTQVTVSS,76
RLSCAASGTIFDAYYMGWYRQAPGKERELVASISHGGAITNYADSVKGRFTISRDNAKNTVYLQMNSLKPEDTAVYYCAVLETRSYSFRYWGQGTQVTVSS,76
RLSCAASGSIFDAYYMGWYRQAPGKERELVAAIAYGGSTTNYADSVKGRFTISRDNAKNTVYLQMNSLKPEDTAVYYCAVLETRSYSFRYWGQGTQVTVSS,76
RLSCAASGYISDAYYMGWYRQAPGKEREFVAAISYGGTITNYADSVKGRFTISRDNAKNTVYLQMNSLKPEDTAVYYCAVLETRSYSFRYWGQGTQVTVSS,76
RLSCAASGNIFDAYYMDGLVQTSSR*GKRIGCYYRFWFYY*LR*LRQG*IHHFQRQRQEHRLLANELFEARRHCCLYCAVLETRSYSFRYWGQGTQVTVSS,76
RLSCAASGTIFDAYYMGWYRTSSR*GKRIGCCYLLWWYYYLLR*LRQG*IHHFQRQRQEHRLLANELFEARRHCCLYCAVLETRSYSFRYWGQGTQVTVSS,76
RLSCAASGSIFDAYYMGWYRQAPGKERELVATINDGATSTNYADSVKGRFTISRDNAKNTVYLQMNSLKPEDTAVYYCAVLETRSYSFRYWGQGTQVTVSS,76
RLSCAASGSIFDVTTWVGTDKLQVRKENWLLSR*WCYYLLR*LRQG*IHHFQRPETTPRTPSTCK*TL*SQKTLLFYCAVLETRSYSFRYWGQGTQVTVSS,76
RLSCAASGNIFDAYYMGWYRQAPGKERELVATIGSGGSITNYADSVKGRFTISRDNSKNTVYLQMNSLKPEDTAVYYCAVLETRSYSFRYWGQGTQVTVSS,76
RLSCAASGSISDAYYMGWYRQAPGKERELVAGISVGGTITNYADSVKGRFTISRDNAKNTVYLQMNSLKPEDTAVYYCAVLETRSYSFRYWGQGTQVTVSS,76
RLSCAASGTIFDAYYMGWYRQAPGKEREFVASITAGGGTTYYADSVKGRFTISRDNAKNTVYLQMNSLKPEDTAVYYCAVLETRSYSFRYWGQGTQVTVSS,76
RLSCAASGSISDAYYMGWYRQAPGKEREFVAAIGPGGSITYYADSVKGRFTISRDNAKNTVYLQMNSLKPEDTAVYYCAVLETRSYSFRYWGQGTQVTVSS,76
RLSCAASGTIFDAYYMGWYRQAPGKEREFVAGIAPGGTITNYADSVKGRFTISRDNAKNTVYLQMNSLKPEDTAVYYCAVLETRSYSFRYWGQGTQVTVSS,76
RLSCAASGTISDAYYMGWYRQAPGKEREFVAAIDGGGITTNYADSVKGRFTISRDNAKNTVYLQMNSLKPEDTAVYYCAVLETRSYSFRYWGQGTQVTVSS,76
RLSCAASGSISDAYYMGWYRQAPGKEREFVATIDTGGSTTNYADSVKGRFTISRDNAKNTVYLQMNSLKPEDTAVYYCAVLETRSYSFRYWGQGTQVTVSS,76
RLSCAASGSISDAYYMGWYRQAPGKEREFVAGINTGGANTYYADSVKGRFTISRDNAKNTVYLQMNSLKPEDTAVYYCAVLETRSYSFRYWGQGTQVTVSS,76
RLSCAASGYISDAYYMGWYRQAPGKERELVATINYGGTITYYADSVKGRFTISRDNAKNTVYLQMNSLKPEDTAVYYCAVLETRSYSFRYWGQGTQVTVSS,76
RLSCAASGTIFDAYYMGWYRQAPGKERELVAGIGGGGTITNYADSVKGRFTISRDNAKNTVYLQMNSLKPEDTAVYYCAVLETRSYSFRYWGQGTQVTVSS,76
RLSCAASGSIFDAYYMGWYRQAPGKERELVAGINLGGTNTYYADSVKGRFTISRDNAKNTVYLQMNSLKPEDTAVYYCAVLETRSYSFRYWGQGTQVTVSS,76
RLSCAASGTISDAYYMGWYRQAPGKEREFVATIASGGITTNAAYSISGIFTISRDTANNTFYLLIYSLKAEDTAVYYCAVLETRSYSFRYWGQGTQVTVSS,76
RLSCAASGSISDAYYMGWYRQAPGKERELVAAIGFGGSNTNYADSVKGRFTISRDNAKNTVYLQMNSLKPEDTAVYYCAVLETRSYSFRYWGQGTQVTVSS,76
RLSCAASGSIFDAYYMGWYRQAPGKEREFVASIAIGGSITNYADSVKGRFTISRDNAKNTVYLQMNSLKPEDTAVYYCAVLETRSYSFRYWGQGTQVTVSS,76
RLSCAASGSIFVAYYMGWYRQAPGKERELVAGIARGGTTTYYADSVKGRFTISRDTAKNTVYLQMNSLKPEDTAVYYCAVLETRSYSFRYWGQGTQVTVSS,76
RLSCAASGSIFDAYYMGWYRQAPGKEREFVAAINDGGTTTNYADSVKGRFTISRDNAKNTVYLQMNSLKPEDTAVYYCAVLETRSYSFRYWGQGTQVTVSS,76
RLSCAASGSISDAYYMGWYRQAPGKERELVAGITAGGSTTNYADSVKGRFTISRDNAKNTVYLQMNSLKPEDTAVYYCAVLETRSYSFRYWGQGTQVTVSS,76
RLSCAASGTISDAYYMGWYRQAPGKERELVAAIAYGGTSTNYADSVKGRFTISRDNAKNTVYLQMNSLKPEDTAVYYCAVLETRSYSFRYWGQGTQVTVSS,76
RLSCAASGYIFDAYYMGWYRQAPGKEREFVAGINPGGATTNYADSVKGRFTISRDNAKNTVYLQMNSLKPEDTAVYYCAVLETRSYSFRYWGQGTQVTVSS,76
RLSCAASGSISDAYYMGWYRQAPGKGRELVATISDGGATTYYADSVKGRFTISRDNAKNTVYLQMNSLKPEDTAVYYCAVLETRSYSFRYWGQGTQVTVSS,76
RLSCAASGTISDAYYMGWYRQAPGKERELVAGITRGWYYSNYADSVKGRFTISRDNAKNTVYLQMNSLKPEDTAVYYCAVLETRSYSFRYWGQGTQVTVSS,76
RLSCAASGYISDAYYMGWYRQAPGKERELVAGIASGGSTTYYADSVKGRFTISRDNAKNTVYLQMNSLKPEDTAVYYCAVLETRSYSFRYWGQGTQVTVSS,76
RLSCAASGYIFDAYYMGWYRQAPGKEREFVATIDLGGSSTYYADSVKGRFTISRDNAKNTVYLQMNSLKPEDTAVYYCAVLETRSYSFRYWGQGTQVTVSS,76
RLSCAASGTISDAYYMGWYRQAPGKERELVASINDGGSSTYYADSVKGRFTISRDNAKNTVYLQMNSLKPEDTAVYYCAVLETRSYSFRYWGQGTQVTVSS,76
RLSCAASGYISDAYYMGWYRQAPGKEREFVATIDFGGTTTYYADSVKGRFTISRDNAKNTVYLQMNSLKPEDTAVYYCAVLETRSYSFRYWGQGTQVTVSS,76
RLSCAASGTISDAYYMGWYRQAPGKERELVAAIDLGGTSTYYADSVKGRFTISRDNAKNTVYLQMNSLKPEDTAVYYCAVLETRSYSFRYWGQGTQVTVSS,76
RLSCAASGYIFDAYYMGWYRQAPGKEREFVAAINGGGITTYYADSVKGRFTISRDNAKNTVYLQMNSLKPEDTAVYYCAVLETRSYSFRYWGQGTQVTVSS,76
RLSCAASGTIFDAYYMGWYRQAPGKERELVAAITWGGSTTYYADSVKGRFTISRDNAKNTVYLQMNSLKPEDTAVYYCAVLETRSYSFRYWGQGTQVTVSS,76
RLSCAASGYISDAYYMGWYRQAPGKERELVAGITLGGTTTNYADSVKGRFTISRDNAKNTVYLQMNSLKPEDTAVYYCAVLETRSYSFRYWGQGTQVTVSS,76
RLSCAASGTIFDAYYMGWYRQAPGKERELVAGIDYGGTNTNYADSVKGRFTISRDNAKNTVYLQMNSLKPEDTAVYYCAVLETRSYSFRYWGQGTQVTVSS,76
RLSCAASGSISDAYYMGWYRQAPGKERELVATITSGGSTTNYADSVKGRFTISRDNAKNTVYLQMYSLKPEDTAVYYCAVLETRSYSFRYWGQGTQVTVSS,76
RLSCAASGNIFDAYYMGWYRQAPGKERELVAGINSGGANTYYADSVKGRFTISRDNAKNTVYLQMNSLKPEDTAVYYCAVLETRSYSFRYWGQGTQVTVSS,76
RLSCAASGSISDAYYMGWYRQAPGKEREFVAAISYGGTITNYADSVKGRFTISRDNAKNTVYLQMNSLKPEDTAVYYCAVLETRSYSFRYWGQGTQVTVSS,76
RLSCAASGSISDAYYMGWYRQAPGKERELVAAISYGGSTTYYADSVKGRFTISRDNAKNTVYLQMNSLKPEDTAVYYCAVLETRSYSFRYWGQGTQVTVSS,76
RLSCAASGTIFDAYYMGWYRQAPGKERELVAAINIGGATTNYADSVKGRFTISRDNAKNTVYLQMNSLKPEDTAVYYCAVLETRSYSFRYWGQGTQVTVSS,76
RLSCAASGTISDAYYMGWYRQAPGKERELVAGIGLGGTTTNYADSVKGRFTISRDNAKNTVYLQMNSLKPEDTAVYYCAVLETRSYSFRYWGQGTQVTVSS,76
RLSCAASGNISDAYYMGWYRQAPGKEREFVATIGTGGASTNYADSVKGRFTISRDNAKNTVYLQMNSLKPEDTAVYYCAVLETRSYSFRYWGQGTQVTVSS,76
RLSCAASGTISDAYYMGWYRQAPGKERELVAAIGIGGSTTYYADSVKGRFTISRDNAKNTVYLQMNSLKPEDTAVYYCAVLETRSYSFRYWGQGTQVTVSS,76
RLSCAASGTIFDAYYMGWYRQAPGKERELVAAIAYGGTITNYADSVKGRFTISRDNAKNTVYLQMNSLKPEDTAVYYCAVLETRSYSFRYWGQGTQVTVSS,76
RLSCAASGYIFDAYYMGWYRQAPGKEREFVAAISSGGASTNYADSVKGRFTISRDNAKNTVYLQMNSLKPEDTAVYYCAVLETRSYSFRYWGQGTQVTVSS,76
RLSCAASGNISDAYYMGWYRQAPGKEREFVATISSGGNTTYYADSVKGRFTISRDNAKNTVYLQMNSLKPEDTAVYYCAVLETRSYSFRYWGQGTQVTVSS,76
RLSCAASGYISDAYYMGWYRQAPGKERELVAGISSGGGTTNYADSVKGRFTISRDNAKNTVYLQMNSLKPEDTAVYYCAVLETRSYSFRYWGQGTQVTVSS,76
RLSCAASGTIFDAYYMGWYRQAPGKEREFVAGIGTGGAITNYADSVKGRFTISRDNAKNTVYLQMNSLKPEDTAVYYCAVLETRSYSFRYWGQGTQVTVSS,76
RLSCAASGNISDAYYMGWYRQAPGKEREFVATISGGGAITYYADSVKGRFTISRDNAKNTVYLQMNSLKPEDTAVYYCAVLETRSYSFRYWGQGTQVTVSS,76
RLSCAASGSISDAYYMGWYRQAPGKERELVATITYGGTNTNYADSVKGRFTISRDNAKNTVYLQMNSLKPEDTAVYYCAVLETRSYSFRYWGQGTQVTVSS,76
RLSCAASGTIFDAYYMGWYRQAPGKERELVAAISVGGTTTNYADSVKGRFTISRDNAKNTVYLQMNSLKPEDTAVYYCAVLETRSYSFRYWGQGTQVTVSS,76
RLSCAASGSISDAYYMGWYRQAPGKERELVASITYGGSSTNYADSVKGRFTISRDNAKNTVYLQMNSLKPEDTAVYYCAVLETRSYSFRYWGQGTQVTVSS,76
RLSCAASGYISDAYYMGWYRQAPGKERELVATIGQGGITTYYADSVKGRFTISRDNAKNTVYLQMNSLKPEDTAVYYCAVLETRSYSFRYWGQGTQVTVSS,76
RLSCAASGTIFDAYYMGWYRQAPGKEREFVASISYGGTTTNYADSVKGRFTISRDNAKNTVYLQMNSLKPEDTAVYYCAVLETRSYSFRYWGQGTQVTVSS,76
RLSCAASGSISDAYYMGWYRQAPGKERELVASIATGGSITYYADSVKGRFTISRDNAKNTVYLQMNSLKPEDTAVYYCAVLETRSYSFRYWGQGTQVTVSS,76
RLSCAASGTIFDAYYMGWYRQAPGKERELVAAIAWGGTNTNYADSVKGRFTISRDNAKNTVYLQMNSLKPEDTAVYYCAVLETRSYSFRYWGQGTQVTVSS,76
RLSCAASGNIFDAYYMGWYRQAPGKERELVAAIDSGGTNTNYADSVKGRFTISRDNAKNTVYLQMNSLKPEDTAVYYCAVLETRSYSFRYWGQGTQVTVSS,76
RLSCAASGTISDAYYMGWYRQAPGKEREFVASIAAGGSTTYYADSVKGRFTISRDNAKNTVYLQMNSLKPEDTAVYYCAVLETRSYSFRYWGQGTQVTVSS,76
RLSCAASGNISDAYYMGWYRQAPGKEREFVAGISGGGSTTYYADSVKGRFTISRDNAKNTVYLQMNSLKPEDTAVYYCAVLETRSYSFRYWGQGTQVTVSS,76
RLSCAASGYISDAYYMGWYRQAPGKEREFVATIGIGGSTTYYADSVKGRFTISRDNAKNTVYLQMNSLKPEDTAVYYCAVLETRSYSFRYWGQGTQVTVSS,76
RLSCAASGNIFDAYYMGWYRQAPGKEREFVASIGAGGSITNYADSVKGRFTISRDNAKNTVYLQMNSLKPEDTAVYYCAVLETRSYSFRYWGQGTQVTVSS,76
RLSCAASGYISDAYYMGWYRQAPGKERELVASIGRGGTTTNYADSVKGRFTISRDNAKNTVYLQMNSLKPEDTAVYYCAVLETRSYSFRYWGQGTQVTVSS,76
RLSCAASGYISDAYYMGWYRQAPGKERELVAGITGGGSTTNYADSVKGRFTISRDNAKNTVYLQMNSLKPEDTAVYYCAVLETRSYSFRYWGQGTQVTVSS,76
RLSCAASGYISDAYYMGWYRQAPGKEREYDGATIDDGTSTNYADSVKGRFTISRDNAKNTVYLQMNSLKPEDTAVYYCAVLETRSYSFRYWGQGTQVTVSS,76
RLSCAASGSIFDAYYMGWYRQAPGKEREFVATINPGGTTTNYADSVKGRFTISRDNAKNTVHLQMNSLKPEDTAVYYCAVLETRSYSFRYWGQGTQVTVSS,76
RLSCAASGTIFDAYYMGWYRQAPGKERELVAGIDGGASTTYYADSVKGRFTISRDNAKNTVYLQMNSLKPEDTAVYYCAVLETRSYSFRYWGQGTQVTVSS,76
RLSCAASGNISDAYYMGWYRQAPGKERELVAGITSGGTNTNYADSVKGRFTISRDNAKNTVYLQMNSLKPEDTAVYYCAVLETRSYSFRYWGQGTQVTVSS,76
RLSCAASGTISDAYYMGWYRQAPGKEREFVATISKGGTNTYYADSVKGRFTISRDNAKNTVYLQMNSLKPEDTAVYYCAVLETRSYSFRYWGQGTQVTVSS,76
RLSCAASGTISDAYYMGWYRQAPGKEREFVASITGGGAITNYADSVKGRFTISRDNAKNTVYLQMNSLKPEDTAVYYCAVLETRSYSFRYWGQGTQVTVSS,76
RLSCAASGNISDAYYMGWYRQAPGKEREFVAAITGGGTTTYYADSVKGRFTISRDNAKNTVYLQMNSLKPEDTAVYYCAVLETRSYSFRYWGQGTQVTVSS,76
RLSCAASGTIFDAYYMGWYRQAPGKEREFVATISGGGSTTYYADSVKGRFTISRDNAKNTVYLQMNSLKPEDTAVYYCAVLETRSYSFRYWGQGTQVTVSS,76
RLSCAASGSIFDAYYMGWYRQAPGKERELVAAIDTGGSTTYYADSVKGRFTISRDNAKNTVYLQMNSLKPEDTAVYYCAVLETRSYSFRYWGQGTQVTVSS,76
RLSCAASGSISDAYYMGWYRQAPGKERELVAAISNGGSITYYADSVKGRFTISRDNAKNTVYLQMNSLKPEDTAVYYCAVLETRSYSFRYWGQGTQVTVSS,76
RLSCAASGTIFDAYYMGWYRQAPGKEREFVASITYGGSTTYYADSVKGRFTISRDNAKNTVYLQMNSLKPEDTAVYYCAVLETRSYSFRYWGQGTQVTVSS,76
RLSCAASGNIFDAYYMGWYRQAPGKERELVASITYGGSITYYADSVKGRFTISRDNAKNTVYLQMNSLKPEDTAVYYCAVLETRSYSFRYWGQGTQVTVSS,76
RLSCAASGSIFDAYYMGWYRQAPGKERELVAGIANGGTNTYYADSVKGRFTISRDNAKNTVYLQMNSLKPEDTAVYYCAVLETRSYSFRYWGQGTQVTVSS,76
RLSCAASGTIFDAYYMGWYRQAPGKERELVAAISDGGANTNYADSVKGRFTISRDNAKNTVYLQMNSLKPEDTAVYYCAVLETRSYSFRYWGQGTQVTVSS,76
RLSCAASGTISDAYYMGWYRQAPGKEREFVATIDYGGSITNYADSVKGRFTISRDNAKNTVYLQMNSLKPEDTAVYYCAVLETRSYSFRYWGQGTQVTVSS,76
RLSCAASGTISDAYYMGWYRQAPGKEREFVAAIGYGGSTTYYADSVKGRFTISRDNAKNTVYLQMNSLKPEDTAVYYCAVLETRSYSFRYWGQGTQVTVSS,76
RLSCAASGSIFDAYYMGWYRQAPGKEREFVASINYGGSTTNYADSVKGRFTISRDNAKNTVYLQMNSLKPEDTAVYYCAVLETRSYSFRYWGQGTQVTVSS,76
RLSCAASGNIFDAYYMGWYRQAPGKERELVAGIARGGTNTYYADSVKGRFTISRDNAKNTVYLQMNSLKPEDTAVYYCAVLETRSYSFRYWGQGTQVTVSS,76
RLSCAASGTISDAYYMGWYRQAPGKEREFVASIDYGTNTNYADSVKGRFTISRDNAKNTDRLLANELFEARRHCCLYCAVLETRSYSFRYWGQGTQVTVSS,76
RLSCAASGTIFDAYYMGWYRQAPGKERELVATITLGGSTYYADSVKGRFTISRDNATPRTPSTCK*TL*SQKTLLFYCAVLETRSYSFRYWGQGTQVTVSS,76
RLSCAASGSIFDAYYMGWYRQAPGKEREFVATITYGGNTTNYADSVKGRFTISRDNAKNTVYLQMNSLKPEDTAVYYCAVLETRSYSFRYWGQGTQVTVSS,76
RLSCAASGNISDAYYMGWYRQAPGKEREFVAAITEGGTSTNYADSVKGRFTISRDNAKNTVYLQMNSLKPEDTAVYYCAVLETRSYSFRYWGQGTQVTVSS,76
RLSCAASGTIFDAYYMGWYRQAPGKERELVATINSGGTTTYYADSVKGRFTISRDNAKNTVYLQMNSLKPEDTAVYYCAVLETRSYSFRYWGQGTQVTVSS,76
RLSCAASGYISDAYYMGWYRQAPGKERELVAGITDGGTTTNYADSVEGRFTISRDNAKNTVYLQMNSLKPEDTAVYYCAVLETRSYSFRYWGQGTQVTVSS,76
RLSCAASGYISDAYYMGWYRQAPGKEREFVAAISTGGSSTYYADSVKGRFTISRDNAKNTVYLQMNSLKPEDTAVYYCAVLETRSYSFRYWGQGTQVTVSS,76
RLSCAASGSISDAYYMGWYRQAPGKERELVAGIAGGGSTTNYADSVKGRFTISRDNAKNTVYLQMNSLKPEDTGVYYCAVLETRSYSFRYWGQGTQVTVSS,76
RLSCAASGNISDAYYMGWYRQAPGKERELVAAIDAGGITTNYADSVKGRFTISRDNAKNTVYLQMNSLKPEDTAVYYCAVLETRSYSFRYWGQGTQVTVSS,76
RLSCAASGTIFDAYYMGWYRQAPGKEREFVAAINGGGSTTYYADSVKGRFTISRDNAKNTVYLQMNSLKPEDTAVYYCAVLETRSYSFRYWGQGTQVTVSS,76
RLSCAASGTIFDAYYMGWYRQAPGKEREFVAAIGNGGSTTYYADSVKGRFTISRDNAKNTVYLQMNSLKPEDTAVYYCAVLETRSYSFRYWGQGTQVTVSS,76
RLSCAASGTISDAYYMGWYRQAPGKERELVATIDYGGSITNYADSVKGRFTISRDNAKNTVYLQMNSLKPEDTAVYYCAVLETRSYSFRYWGQGTQVTVSS,76
RLSCAASGNISDAYYMGWYRQAPGKEREFVASIGTGSSTTNYADSVKGRFTISRDNAKNTVYLQMNSLKPEDTAVYYCAVLETRSYSFRYWGQGTQVTVSS,76
RLSCAASGSISDAYYMGWYRQAPGKEREFVAGINRGGTTTNYADSVKGRFTISRDNAKNTVYLQMNSLKPEDTAVYYCAVLETRSYSFRYWGQGTQVTVSS,76
RLSCAASGYISDAYYMGWYRQAPGKEREFVALL*STTGLL*YADSVKGRFTISRDNAKNTVYLQMNSLKPEDTAVYYCAVLETRSYSFRYWGQGTQVTVSS,76
RLSCAASGSIFDAYYMGWYRQAPGKEREFVAGIGLGGITTYYADSVKGRFTISRDNAKNTVYLQMNSLKPEDTAVYYCAVLETRSYSFRYWGQGTQVTVSS,76
RLSCAASGSIFDAYYMGWYRQAPGKERELVATIDYGGTSTNYADSVKGRFTISRDNAKNTVYLQMNSLKPEDTAVYYCAVLETRSYSFRYWGQGTQVTVSS,76
RLSCAASGNISDAYYMGWYRQAPGKEREFVATIDTGASSTNYADSVKGRFTISRDNAKNTVYLQMNSLKPEDTAVYYCAVLETRSYSFRYWGQGTQVTVSS,76
RLSCAASGTIFDAYYMGWYRQAPGKERELVAGITLGGSTTYYADSVKGRFTISRDNAKNTVYLQMNSLKPEDTAVYYCAVLETRSYSFRYWGQGTQVTVSS,76
RLSCAASGSIFDAYYMGWYRQAPGKERELVAAINPGGSITYYADSVKGRFTISRDNAKNTVYLQMNSLKPEDTAVYYCAVLETRSYSFRYWGQGTQVTVSS,76
RLSCAASGNIFDAYYMGWYRQAPGKERELVASITWGGTTTNYADSVKGRFTISRDNAKNTVYLQMNSLKPEDTAVYYCAVLETRSYSFRYWGQGTQVTVSS,76
RLSCAASGTISDAYYMGWYRQAPGKEREFVATIDYGGSTTYYADSVKGRFTISRDNAKNTVYLQMNSLKPEDTAVYYCAVLETRSYSFRYWGQGTQVTVSS,76
RLSCAASGNIFDAYYMGWYRQAPGKERELVAAISTGGSSTNYADSVKGRFTISRDNAKNTVYLQMNSLKPEDTAVYYCAVLETRSYSFRYWGQGTQVTVSS,76
RLSCAASGTISDAYYMGWYRQAPGKEREFVAAIARGGSTTYYADSVKGRFTISRDNAKNTVYLQMNSLKPEDTAVYYCAVLETRSYSFRYWGQGTQVTVSS,76
RLSCAASGYISDAYYMGWYRQAPGKERELVATITGGGTITNYADSVKGRFTISRDNAKNTVYLQMNSLKPEDTAVYYCAVLETRSYSFRYWGQGTQVTVSS,76
RLSCAASGNIFDAYYMGWYRQAPGKEREFVAVSLCGYFYADSVKGRFTISRDNAKNTV*HRLLVNELFEARRHCCLYCAVLETRSYSFRYWGQGTQVTVSS,76
RLSCAASGSISDAYYMGWYRQAPGKERELVAAINGGGSTTNYADSVKGRFTISRDNAKNTVYLQMNSLKPEDTAVYYCAVLETRSYSFRYWGQGTQVTVSS,76
RLSCAASGNISDAYYMGWYRQAPGKEREFVAAIALGGTSTNYADSVKGRFTISRDNAKNTVYLQMNSLKPEDTAVYYCAVLETRSYSFRYWGQGTQVTVSS,76
RLSCAASGTISDAYYMGWYRQAPGKEREFVASINSGGSTTYYADSVKGRFTISRDNAKNTVYLQMNSLKPEDTAVYYCAVLETRSYSFRYWGQGTQVTVSS,76
RLSCAASGSIFDAYYMGWYRQAPGKEREFVATITTGGSNTYYADSVKGRFTISRDNAKNTVYLQMNSLKPEDTAVYYCAVLETRSYSFRYWGQGTQVTVSS,76
RLSCAASGTISDAYYMGWYRQAPGKERELVAAINSGGTNTNYADSVKGRFTISRDNAKNTVYLQMNSLKPEDTAVYYCAVLETRSYSFRYWGQGTQVTVSS,76
RLSCAASGTIFDAYYMGWYRQAPGKEREFVATINYGASITYYADSVKGRFTISRDNAKNTVYLQMNSLKPEDTAVYYCAVLETRSYSFRYWGQGTQVTVSS,76
RLSCAASGYIFDAYYMGWYRQAPGKERELVASIDVGGSTTNYADSVKGRFTISRDNAKNTVYLQMNSLKPEDTAVYYCAVLETRSYSFRYWGQGTQVTVSS,76
RLSCAASGNIFDAYYMGWYRQAPGKEREFVAAIDYGGSITNYADSVKGRFTISRDNAKNTVYLQMNSLKPEDTAVYYCAVLETRSYSFRYWGQGTQVTVSS,76
RLSCAASGNISDAYYMGWYRQAPGKEREFVAAIGSGGTSTNYADSVKGRFTISRDNAKNTVYLQMNSLKPEDTAVYYCAVLETRSYSFRYWGQGTQVTVSS,76
RLSCAASGYISDAYYMGWYRQAPGKEREFVATISGGGSTTYYADSVKGRFTISRDNAKNTVYLQMNSLKPEDTAVYYCAVLETRSYSFRYWGQGTQVTVSS,76
RLSCAASGYISDAYYMGWYRQAPGKERELVAPISGGGTTTNYADSVKGRFTISRDNAKNTVYLQMNSLKPEDTAVYYCAVLETRSYSFRYWGQGTQVTVSS,76
RLSCAASGSIFDAYYMGWYRQAPGKEREFVAAISHGGTTTNYADSVKGRFTISRDNAKNTVYLQMNSLKPEDTAVYYCAVLETRSYSFRYWGQGTQVTVSS,76
RLSCAASGYISDAYYMGWYRQAPGKERELVASINYGGTNTNYADSVKGRFTISRDNAKNTVYLQMNSLKPEDTAVYYCAVLETRSYSFRYWGQGTQVTVSS,76
RLSCAASGTIFDAYYMGWYRQAPGKEREFVASINSGGSITYYADSVKGRFTISRDNAKNTVYLQMNSLKPEDTAVYYCAVLETRSYSFRYWGQGTQVTVSS,76
RLSCAASGTISDAYYMGWYRQAPGKEREFVAGITYGGSTTNYADSVKGRFTISRDNAKNTVYLQMNSLKPEDTAVYYCAVLETRSYSFRYWGQGTQVTVSS,76
RLSCAASGYISDAYYMGWYRQAPGKEREFVASISPGGSTTNYADSVKGRFTISRDNAKNTVYLQMNSLKPEDTAVYYCAVLETRSYSFRYWGQGTQVTVSS,76
RLSCAASGTISDAYYMGWYRQAPGKEREFVAAITWGGSTTYYADSVKGRFTISRDNAKNTVYLQMNSLKPEDTAVYYCAVLETRSYSFRYWGQGTQVTVSS,76
RLSCAASGSIFDAYYMGWYRQAPGKERELVAAIDGGGSTTYYADSVKGRFTISRDNAKNTVYLQMNSLKPEDTAVYYCAVLETRSYSFRYWGQGTQVTVSS,76
RLSCAASGSISDAYYMGWYRQAPGKERELVAGINDGGAITYYADSVKGRFTISRDNAKNTVYLQMNSLKPEDTAVYYCAVLETRSYSFRYWGQGTQVTVSS,76
RLSCAASGTIFDAYYMGWYRQAPGKEREFVAAIGGGGSSTYYADSVKGRFTISRDNAKNTVYLQMNSLKPEDTAVYYCAVLETRSYSFRYWGQGTQVTVSS,76
RLSCAASGTISDAYYMGWYRQAPGKERELVATIGIGGSTTNYADSVKGRFTISRDNAKNTVYLQMNSLKPEDTAVYYCAVLETRSYSFRYWGQGTQVTVSS,76
RLSCAASGYISDAYYMGWYRQAPGKEREFVAAIADGGSNTYYADSVKGRFTISRDNAKNTVYLQMNSLKPEDTAVYYCAVLETRSYSFRYWGQGTQVTVSS,76
RLSCAASGSISDAYYMGWYRQAPGKEREFVASIDSAGTITYYADSVKGRFTISRDNAKNTVYLQMNSLKPEDTAVYYCAVLETRSYSFRYWGQGTQVTVSS,76
RLSCAASGYISDAYYMGWYRQAPGKERELVAAITSGGATTNYADSVKGRFTISRDNAKNTVYLQMNSLKPEDTAVYYCAVLETRSYSFRYWGQGTQVTVSS,76
RLSCAASGSISDAYYMGWYRQAPGKEREFVATIDAGGSITYYADSVKGRFTISRDNAKNTVYLQMNSLKPEDTAVYYCAVLETRSYSFRYWGQGTQVTVSS,76
RLSCAASGSIFDAYYMGWYRQAPGKERELVAAIGRGASTTNYADSVKGRFTISRDNAKNTVYLQMNSLKPEDTAVYYCAVLETRSYSFRYWGQGTQVTVSS,76
RLSCAASGNISDAYYMGWYRQAPGKERELVAAISYGATTYYADSVKGRFTISRDNAKNTVYLQMNSLNEARRHCCLYCAVLETRSYSFRYWGQGTQVTVSS,76
RLSCAASGTISDAYYMGWYRQAPGKEREFVAAIDWGGSSTYYADSVKGRFTISRDNAKNTVYLQMNSLKPEDTAVYYCAVLETRSYSFRYWGQGTQVTVSS,76
RLSCAASGSISDAYYMGWYRQAPGKEREFVAAITVGGTTTNYADSVKGRFTISRDNAKNTVYLQMNSLKPEDTAVYYCAVLETRSYSFRYWGQGTQVTVSS,76
RLSCAASGNIFDAYYMGWYRQAPGKEREFVASIDGGGTTTYYADSVKGRFTISRDNAKNTVYLQMNSLKPEDTAVYYCAVLETRSYSFRYWGQGTQVTVSS,76
RLSCAASGSISDAYYMGWYRQAPGKERELVAGISLGGTTTYYADSVKGRFTISRDNAKNTVYLQMNSLKPEDTAVYYCAVLETRSYSFRYWGQGTQVTVSS,76
RLSCAASGSISDAYYMGWYRQAPGKERELVATIAYGGSITYYADSVKGRFTISRDNAKNTVYLQMNSLKPEDTAVYYCAVLETRSYSFRYWGQGTQVTVSS,76
RLSCAASGNISDAYYMGWYRQAPGKERELVAGIADGGTSTNYADSVKGRFTISRDNAKNTVYLQMNSLKPEDTAVYYCAVLETRSYSFRYWGQGTQVTVSS,76
RLSCAASGTIFDAYYMGWYRQAPGKEREFVAGIASGGTSTNYADSVKGRFTISRDNAKNTVYLQMNSLKPEDTAVYYCAVLETRSYSFRYWGQGTQVTVSS,76
RLSCAASGNISDAYYMGWYRQAPGKERELVASITSGGSNTYYADSVKGRFTISRDNAKNTVYLQMNSLKPEDTAVYYCAVLETRSYSFRYWGQGTQVTVSS,76
RLSCAASGTIFDAYYMGLVQTSSR*GKRICCFYR*WWYYYLLR*LRQG*IHHFQRQRQEHRLLANELFEARRHCCLYCAVLETRSYSFRYWGQGTQVTVSS,76
RLSCAASGNISDAYYMGWYRQAPGKERELVAAISDGGSITYYADSVKGRFTISRDNAKNTVYLQMNSLKPEDTAVYYCAVLETRSYSFRYWGQGTQVTVSS,76
RLSCAASGYIFDAYYMGWYRQAPGKERELVAAIGYGGTITYYADSVKGRFTISRDNAKNTVYLQMNSLKPEDTAVYYCAVLETRSYSFRYWGQGTQVTVSS,76
RLSCAASGYIFDAYYMGWYRQAPGKERELVAGIDEGGSTTYYADSVKGRFTISRDNAKNTVYLQMNSLKPEDTAVYYCAVLETRSYSFRYWGQGTQVTVSS,76
RLSCAASGYISDAYYMGWYRQAPGKEREFVATINSGGTTTYYADSVKGRFTISRDNAKNTVYLQMNSLKPEDTAVYYCAVLETRSYSFRYWGQGTQVTVSS,76
RLSCAASGTISDAYYMGWYRQAPGKERELVATISFGGTITYYADSVKGRFTISRDNAKNTVYLQMNSLKPEDTAVYYCAVLETRSYSFRYWGQGTQVTVSS,76
RLSCAASGYISDAYYMGWYRQAPGKEREFVATIDYGGSITNYADSVKGRFTISRDNAKNTVYLQMNSLKPEDTAVYYCAVLETRSYSFRYWGQGTQVTVSS,76
RLSCAASGSIFDAYYMGWYRQAPGKEREFVATIATGGSTTYYADSVKGRFTISRDNAKNTVYLQMNSLKPEDTAVYYCAVLETRSYSFRYWGQGTQVTVSS,76
RLSCAASGYISDAYYMGWYRQAPGKERELVATINDGGSSTNYADSVKGRFTISRDNAKNTVYLQMNSLKPEDTAVYYCAVLETRSYSFRYWGQGTQVTVSS,76
RLSCAASGYISDAYYMGWYRQAPGKEREFVAAITYGGTTTYYADSVKGRFTISRDNAKNTVYLQMNSLKPEDTAVYYCAVLETRSYSFRYWGQGTQVTVSS,76
RLSCAASGYISDAYYMGWYRQAPGKERELVAAITSGASSTNYADSVKGRFTISRDNAKNTVYLQMNSLKPEDTAVYYCAVLETRSYSFRYWGQGTQVTVSS,76
RLSCAASGTISDAYYMGWYRQAPGKERELVASIAGGGTNTNYADSVKGRFTISRDNAKNTVYLQMNSLKPEDTAVYYCAVLETRSYSFRYWGQGTQVTVSS,76
RLSCAASGTIFDAYYMGWYRQAPGKEREFVAGIDWGGSTTNYADSVKGRFTISRDNAKNTVYLQMNSLKPEDTAVYYCAVLETRSYSFRYWGQGTQVTVSS,76
RLSCAASGYISDAYYMGWYRQAPGKEREFVAAIDGGGSTTNYADSVKGRFTISRDNAKNTVYLQMNSLKPEDTAVYYCAVLETRSYSFRYWGQGTQVTVSS,76
RLSCAASGNISDAYYMGWYRQAPGKERELVATITHGGSTTYYADSVKGRFTISRDNAKNTVYLQMNSLKPEDTAVYYCAVLETRSYSFRYWGQGTQVTVSS,76
RLSCAASGTISDAYYMGWYRQAPGKEREFVAGIDTGGGSTNYADSVKGRFTISRDNAKNTVYLQMNSLKPEDTAVYYCAVLETRSYSFRYWGQGTQVTVSS,76
RLSCAASGTIFDAYYMGWYRQAPGKEREFVVGINYGGTITNYADSVKGRFTISRDNAKNTVYLQMNSLKPEDTAVYYCAVLETRSYSFRYWGQGTQVTVSS,76
RLSCAASGTIFDAYYMGWYRQAPGKEREFVAGIDWGGSTTNYADSVKGRFTISRDNAKNTVYLQMNSLKPEDTAVYYCAVLETRSYSFRYWGQGTQVTVSS,76
RLSCAASGYISDAYYMGWYRQAPGKERELVAGIAEGGTTTYYADSVKGRFTISRDNAKNTVYLQMNSLKPEDTAVYYCAVLETRSYSFRYWGQGTQVTVSS,76
RLSCAASGYISDAYYMGWYRQAPGKERELVATISQGGTTTNYADSVKGRFTISRDNAKNTVYLQMNSLKPEDTAVYYCAVLETRSYSFRYWGQGTQVTVSS,76
RLSCAASGSISDAYYMGWYRQAPGKERELVASISAGGTTTYYADSVKGRFTISRDNAKNTVYLQMNSLKPEDTAVYYCAVLETRSYSFRYWGQGTQVTVSS,76